Player,Pos,HT,WT,Age,Teams,GP,YOS,Pre-Draft Team,Draft Status,Nationality
Alex Abrines,GF,78.00,190.00,23.00,OKC,68.00,0.00,FC Barcelona Lassa (Spain),2013 Rnd 2 Pick 2,Spain
Quincy Acy,F,79.00,240.00,26.00,"BRK, DAL",38.00,4.00,Baylor,2012 Rnd 2 Pick 7,United States
Steven Adams,C,85.00,255.00,23.00,OKC,80.00,3.00,Pittsburgh,2013 Rnd 1 Pick 12,New Zealand
Arron Afflalo,SG,77.00,210.00,31.00,SAC,61.00,9.00,UCLA,2007 Rnd 1 Pick 27,United States
Alexis Ajinca,C,86.00,248.00,28.00,NOP,39.00,6.00,Hyeres-Toulon (France),2008 Rnd 1 Pick 20,France
Joe Johnson,SG,79.00,240.00,35.00,UTA,78.00,15.00,Arkansas,2001 Rnd 1 Pick 10,United States
LaMarcus Aldridge,FC,83.00,260.00,31.00,SAS,72.00,10.00,Texas,2006 Rnd 1 Pick 2,United States
Lavoy Allen,PF,81.00,260.00,28.00,IND,61.00,5.00,Temple,2011 Rnd 2 Pick 20,United States
Tony Allen,SG,76.00,213.00,35.00,MEM,71.00,12.00,Oklahoma State,2004 Rnd 1 Pick 25,United States
Al-Farouq Aminu,F,81.00,220.00,26.00,POR,61.00,6.00,Wake Forest,2010 Rnd 1 Pick 8,United States
Chris Andersen,FC,82.00,245.00,38.00,CLE,12.00,13.00,Blinn,"1999 NBA Draft, Undrafted",United States
Alan Anderson,GF,78.00,220.00,34.00,LAC,30.00,7.00,Michigan State,"2005 NBA Draft, Undrafted",United States
Justin Anderson,F,78.00,230.00,23.00,"DAL, PHL",75.00,1.00,Virginia,2015 Rnd 1 Pick 21,United States
Kyle Anderson,PF,81.00,230.00,23.00,SAS,72.00,2.00,UCLA,2014 Rnd 1 Pick 30,United States
Ryan Anderson,PF,82.00,240.00,28.00,HOU,72.00,8.00,California,2008 Rnd 1 Pick 21,United States
Giannis Antetokounmpo,F,83.00,222.00,22.00,MIL,80.00,3.00,Filathlitikos Div II Greece (Greece),2013 Rnd 1 Pick 15,Greece
Carmelo Anthony,F,80.00,240.00,32.00,NYK,74.00,13.00,Syracuse,2003 Rnd 1 Pick 3,United States
Joel Anthony,C,81.00,245.00,34.00,SAS,19.00,9.00,UNLV,"2007 NBA Draft, Undrafted",Canada
Trevor Ariza,SF,80.00,215.00,31.00,HOU,80.00,12.00,UCLA,2004 Rnd 2 Pick 14,United States
Bobby Portis,PF,83.00,248.00,22.00,CHI,64.00,1.00,Arkansas,2015 Rnd 1 Pick 22,United States
Omer Asik,C,85.00,255.00,30.00,NOP,31.00,6.00,Fenerbahce Ulker (Turkey),2008 Rnd 2 Pick 6,Turkey
D.J. Augustin,G,73.00,183.00,29.00,ORL,78.00,8.00,Texas,2008 Rnd 1 Pick 9,United States
Luke Babbitt,SF,81.00,225.00,27.00,MIA,68.00,6.00,Nevada,2010 Rnd 1 Pick 16,United States
Ron Baker,G,76.00,220.00,23.00,NYK,52.00,0.00,Wichita State,"2016 NBA Draft, Undrafted",United States
Wade Baldwin IV,G,76.00,202.00,20.00,MEM,33.00,0.00,Vanderbilt,2016 Rnd 1 Pick 17,United States
Leandro Barbosa,G,75.00,194.00,34.00,PHX,67.00,13.00,Bauru (Brazil),2003 Rnd 1 Pick 28,Brazil
J.J. Barea,G,73.00,185.00,32.00,DAL,35.00,10.00,Northeastern,"2006 NBA Draft, Undrafted",Puerto Rico
Harrison Barnes,SF,80.00,225.00,24.00,DAL,79.00,4.00,North Carolina,2012 Rnd 1 Pick 7,United States
Matt Barnes,GF,79.00,226.00,36.00,"GOS, SAC",74.00,14.00,UCLA,2002 Rnd 2 Pick 17,United States
Will Barton,GF,78.00,175.00,26.00,DEN,60.00,4.00,Memphis,2012 Rnd 2 Pick 10,United States
Brandon Bass,PF,80.00,250.00,31.00,LAC,52.00,11.00,LSU,2005 Rnd 2 Pick 3,United States
Nicolas Batum,F,80.00,200.00,28.00,CHA,77.00,8.00,Le Mans Sarthe Basket (France),2008 Rnd 1 Pick 25,France
Jerryd Bayless,G,75.00,200.00,28.00,PHI,3.00,8.00,Arizona,2008 Rnd 1 Pick 11,United States
Aron Baynes,C,82.00,260.00,30.00,DET,75.00,4.00,Washington State,"2009 NBA Draft, Undrafted",New Zealand
Kent Bazemore,GF,77.00,201.00,27.00,ATL,73.00,4.00,Old Dominion,"2012 NBA Draft, Undrafted",United States
Bradley Beal,SG,77.00,207.00,23.00,WAS,77.00,4.00,Florida,2012 Rnd 1 Pick 3,United States
Malik Beasley,SG,77.00,195.00,20.00,DEN,22.00,0.00,Florida State,2016 Rnd 1 Pick 19,United States
Cole Aldrich,C,83.00,250.00,28.00,MIN,62.00,6.00,Kansas,2010 Rnd 1 Pick 11,United States
Marco Belinelli,G,77.00,210.00,30.00,CHA,74.00,9.00,Fortituto Kontatto Bologna (Italy),2007 Rnd 1 Pick 18,Italy
DeAndre' Bembry,GF,78.00,210.00,22.00,ATL,38.00,0.00,Saint Joseph's,2016 Rnd 1 Pick 21,United States
Dragan Bender,PF,85.00,225.00,19.00,PHX,43.00,0.00,Maccabi FOX Tel Aviv (Israel),2016 Rnd 1 Pick 4,Bosnia and Herzegovina
Anthony Bennett,PF,80.00,235.00,23.00,BRK,23.00,3.00,UNLV,2013 Rnd 1 Pick 1,Canada
Ben Bentil,F,81.00,235.00,21.00,DAL,3.00,0.00,Providence,2016 Rnd 2 Pick 21,Ghana
Davis Bertans,SF,82.00,210.00,24.00,SAS,67.00,0.00,Union Olimpija (Slovenia),2011 Rnd 2 Pick 12,Latvia
Patrick Beverley,PG,73.00,185.00,28.00,HOU,67.00,4.00,Dnipro Dnipropetrovsk (Ukraine),2009 Rnd 2 Pick 12,United States
Bismack Biyombo,PF,81.00,255.00,24.00,ORL,81.00,5.00,Montakit Fuenlabrada (Spain),2011 Rnd 1 Pick 7,Democratic Republic of the Congo
Nemanja Bjelica,PF,82.00,225.00,28.00,MIN,65.00,1.00,KK Crvena Zvezda (Serbia),2010 Rnd 2 Pick 5,Serbia
Darrell Arthur,PF,81.00,235.00,28.00,DEN,41.00,8.00,Kansas,2008 Rnd 1 Pick 27,United States
Eric Bledsoe,PG,73.00,205.00,27.00,PHX,66.00,6.00,Kentucky,2010 Rnd 1 Pick 18,United States
Bojan Bogdanovic,F,80.00,216.00,27.00,"BRK, WAS",81.00,2.00,KK Cibona (Croatia),2011 Rnd 2 Pick 1,Bosnia and Herzegovina
Andrew Bogut,C,85.00,260.00,32.00,"CLE, DAL",27.00,11.00,Utah,2005 Rnd 1 Pick 1,Australia
Joel Bolomboy,FC,81.00,235.00,23.00,UTA,12.00,0.00,Weber State,2016 Rnd 2 Pick 22,United States
Devin Booker,SG,78.00,206.00,20.00,PHX,78.00,1.00,Kentucky,2015 Rnd 1 Pick 13,United States
Trevor Booker,PF,80.00,228.00,29.00,BRK,71.00,6.00,Clemson,2010 Rnd 1 Pick 23,United States
Avery Bradley,PG,74.00,180.00,26.00,BOS,55.00,6.00,Texas,2010 Rnd 1 Pick 19,United States
Corey Brewer,GF,81.00,186.00,30.00,"HOU, LAL",82.00,9.00,Florida,2007 Rnd 1 Pick 7,United States
Malcolm Brogdon,SG,77.00,215.00,24.00,MIL,75.00,0.00,Virginia,2016 Rnd 2 Pick 6,United States
Aaron Brooks,G,73.00,161.00,32.00,IND,65.00,8.00,Oregon,2007 Rnd 1 Pick 26,United States
Anthony Brown,GF,79.00,210.00,24.00,"NOP, ORL",11.00,1.00,Stanford,2015 Rnd 2 Pick 4,United States
Bobby Brown,PG,74.00,175.00,32.00,HOU,25.00,2.00,Cal State Fullerton,"2007 NBA Draft, Undrafted",United States
Jaylen Brown,SF,79.00,220.00,20.00,BOS,78.00,0.00,California,2016 Rnd 1 Pick 3,United States
Nicolas Brussino,G,80.00,195.00,23.00,DAL,54.00,0.00,Regatas Corrientes (Argentina),"2015 NBA Draft, Undrafted",Argentina
Reggie Bullock,SG,79.00,205.00,25.00,DET,31.00,3.00,North Carolina,2013 Rnd 1 Pick 25,United States
Trey Burke,G,73.00,191.00,24.00,WAS,57.00,3.00,Michigan,2013 Rnd 1 Pick 9,United States
Alec Burks,SG,78.00,214.00,25.00,UTA,42.00,5.00,Colorado,2011 Rnd 1 Pick 12,United States
Jimmy Butler,GF,79.00,231.00,27.00,CHI,76.00,5.00,Marquette,2011 Rnd 1 Pick 30,United States
Bruno Caboclo,PF,81.00,218.00,21.00,TOR,9.00,2.00,Pinheiros/Sky (Brazil),2014 Rnd 1 Pick 20,Brazil
Jose Calderon,G,75.00,200.00,35.00,"ATL, LAL",41.00,11.00,Laboral Kutxa Baskonia (Spain),"2003 NBA Draft, Undrafted",Spain
Kentavious Caldwell-Pope,SG,77.00,205.00,24.00,DET,76.00,3.00,Georgia,2013 Rnd 1 Pick 8,United States
Isaiah Canaan,G,73.00,201.00,25.00,CHI,39.00,3.00,Murray State,2013 Rnd 2 Pick 4,United States
Clint Capela,PF,82.00,240.00,22.00,HOU,65.00,2.00,Chalon-Sur-Saone (France),2014 Rnd 1 Pick 25,Switzerland
DeMarre Carroll,F,80.00,215.00,30.00,TOR,72.00,7.00,Missouri,2009 Rnd 1 Pick 27,United States
Vince Carter,SF,78.00,220.00,40.00,MEM,73.00,18.00,North Carolina,1998 Rnd 1 Pick 5,United States
Michael Carter-Williams,PG,78.00,190.00,25.00,CHI,45.00,3.00,Syracuse,2013 Rnd 1 Pick 11,United States
Omri Casspi,F,81.00,225.00,28.00,"MIN, NOP, SAC",36.00,7.00,Maccabi FOX Tel Aviv (Israel),2009 Rnd 1 Pick 23,Israel
Willie Cauley-Stein,C,85.00,240.00,23.00,SAC,75.00,1.00,Kentucky,2015 Rnd 1 Pick 6,United States
Tyson Chandler,C,85.00,240.00,34.00,PHX,47.00,15.00,Dominguez High School (California),2001 Rnd 1 Pick 2,United States
Wilson Chandler,SF,80.00,225.00,29.00,DEN,71.00,9.00,DePaul,2007 Rnd 1 Pick 23,United States
Marquese Chriss,PF,82.00,230.00,19.00,PHX,82.00,0.00,Washington,2016 Rnd 1 Pick 8,United States
Rakeem Christmas,PF,81.00,255.00,25.00,IND,29.00,1.00,Syracuse,2015 Rnd 2 Pick 6,United States
Semaj Christon,PG,75.00,190.00,24.00,OKC,64.00,0.00,Xavier,2014 Rnd 2 Pick 25,United States
Ian Clark,G,75.00,175.00,25.00,GSW,77.00,3.00,Belmont,"2013 NBA Draft, Undrafted",United States
Jordan Clarkson,G,77.00,194.00,24.00,LAL,82.00,2.00,Missouri,2014 Rnd 2 Pick 16,United States
Norris Cole,G,74.00,175.00,28.00,OKC,13.00,5.00,Cleveland State,2011 Rnd 1 Pick 28,United States
Darren Collison,PG,73.00,175.00,29.00,SAC,68.00,7.00,UCLA,2009 Rnd 1 Pick 21,United States
Tarik Black,PF,81.00,250.00,25.00,LAL,67.00,2.00,Kansas,"2014 NBA Draft, Undrafted",United States
Mike Conley,PG,73.00,175.00,29.00,MEM,69.00,9.00,Ohio State,2007 Rnd 1 Pick 4,United States
Pat Connaughton,SF,77.00,210.00,24.00,POR,39.00,1.00,Notre Dame,2015 Rnd 2 Pick 11,United States
Quinn Cook,PG,74.00,179.00,23.00,"DAL, NOP",14.00,0.00,Duke,"2015 NBA Draft, Undrafted",United States
DeMarcus Cousins,C,83.00,270.00,26.00,"NOP, SAC",72.00,6.00,Kentucky,2010 Rnd 1 Pick 5,United States
Robert Covington,F,81.00,225.00,26.00,PHI,67.00,3.00,Tennessee State,"2013 NBA Draft, Undrafted",United States
Allen Crabbe,SG,78.00,215.00,24.00,POR,79.00,3.00,California,2013 Rnd 2 Pick 1,United States
Jamal Crawford,SG,77.00,195.00,36.00,LAC,82.00,16.00,Michigan,2000 Rnd 1 Pick 8,United States
Jordan Crawford,G,77.00,195.00,28.00,NOP,19.00,4.00,Xavier,2010 Rnd 1 Pick 27,United States
Jae Crowder,SF,78.00,235.00,26.00,BOS,72.00,4.00,Marquette,2012 Rnd 2 Pick 4,United States
Dante Cunningham,F,80.00,230.00,29.00,NOP,66.00,7.00,Villanova,2009 Rnd 2 Pick 3,United States
Seth Curry,G,74.00,185.00,26.00,DAL,70.00,3.00,Duke,"2013 NBA Draft, Undrafted",United States
Stephen Curry,G,75.00,190.00,28.00,GSW,79.00,7.00,Davidson,2009 Rnd 1 Pick 7,United States
Troy Daniels,G,76.00,205.00,25.00,MEM,67.00,3.00,VCU,"2013 NBA Draft, Undrafted",United States
Anthony Davis,PF,82.00,253.00,23.00,NOP,75.00,4.00,Kentucky,2012 Rnd 1 Pick 1,United States
Deyonta Davis,PF,83.00,237.00,20.00,MEM,36.00,0.00,Michigan State,2016 Rnd 2 Pick 1,United States
Ed Davis,PF,82.00,245.00,27.00,POR,46.00,6.00,North Carolina,2010 Rnd 1 Pick 13,United States
DeMar DeRozan,GF,79.00,221.00,27.00,TOR,74.00,7.00,USC,2009 Rnd 1 Pick 9,United States
Dewayne Dedmon,PF,85.00,245.00,27.00,SAS,76.00,3.00,USC,"2013 NBA Draft, Undrafted",United States
Sam Dekker,SF,81.00,230.00,22.00,HOU,77.00,1.00,Wisconsin,2015 Rnd 1 Pick 18,United States
Malcolm Delaney,SG,75.00,190.00,27.00,ATL,73.00,0.00,Virginia Tech,"2011 NBA Draft, Undrafted",United States
Matt Dellavedova,G,76.00,198.00,26.00,MIL,76.00,3.00,Saint Mary's,"2013 NBA Draft, Undrafted",Australia
Luol Deng,GF,81.00,220.00,31.00,LAL,56.00,12.00,Duke,2004 Rnd 1 Pick 7,England
Nick Collison,FC,82.00,255.00,36.00,OKC,20.00,13.00,Kansas,2003 Rnd 1 Pick 12,United States
Boris Diaw,PF,80.00,250.00,34.00,UTA,73.00,13.00,Pau-Orthez (France),2003 Rnd 1 Pick 21,France
Gorgui Dieng,FC,83.00,240.00,27.00,MIN,82.00,3.00,Louisville,2013 Rnd 1 Pick 21,Senegal
Spencer Dinwiddie,PG,78.00,200.00,23.00,BRK,59.00,2.00,Colorado,2014 Rnd 2 Pick 8,United States
Toney Douglas,G,74.00,195.00,30.00,MEM,24.00,7.00,Florida State,2009 Rnd 1 Pick 29,United States
Goran Dragic,G,75.00,190.00,30.00,MIA,73.00,8.00,Union Olimpija (Slovenia),2008 Rnd 2 Pick 15,Slovenia
Andre Drummond,C,83.00,279.00,23.00,DET,81.00,4.00,Connecticut,2012 Rnd 1 Pick 9,United States
Jared Dudley,PF,79.00,225.00,31.00,PHX,64.00,9.00,Boston College,2007 Rnd 1 Pick 22,United States
Mike Dunleavy,GF,81.00,230.00,36.00,"ATL, CLE",53.00,14.00,Duke,2002 Rnd 1 Pick 3,United States
Kris Dunn,SG,76.00,210.00,22.00,MIN,78.00,0.00,Providence,2016 Rnd 1 Pick 5,United States
Kevin Durant,SF,81.00,240.00,28.00,GSW,62.00,9.00,Texas,2007 Rnd 1 Pick 2,United States
Jarell Eddie,SF,79.00,218.00,25.00,PHX,5.00,2.00,Virginia Tech,"2014 NBA Draft, Undrafted",United States
Henry Ellenson,PF,83.00,245.00,20.00,DET,19.00,0.00,Marquette,2016 Rnd 1 Pick 18,United States
Wayne Ellington,SG,76.00,200.00,29.00,MIA,62.00,7.00,North Carolina,2009 Rnd 1 Pick 28,United States
Monta Ellis,G,75.00,185.00,31.00,IND,74.00,11.00,Lanier High School (Mississippi),2005 Rnd 2 Pick 10,United States
Cheick Diallo,PF,81.00,220.00,20.00,NOP,17.00,0.00,Kansas,2016 Rnd 2 Pick 3,Mali
James Ennis,GF,79.00,210.00,26.00,MEM,64.00,2.00,Long Beach State,2013 Rnd 2 Pick 20,United States
Tyler Ennis,PG,75.00,194.00,22.00,"HOU, LAL",53.00,2.00,Syracuse,2014 Rnd 1 Pick 18,Canada
Tyreke Evans,G,78.00,220.00,27.00,"NOP, SAC",40.00,7.00,Memphis,2009 Rnd 1 Pick 4,United States
Dante Exum,PG,78.00,190.00,21.00,UTA,66.00,2.00,Australian Institute of Sport (Australian Capital Territory),2014 Rnd 1 Pick 5,Australia
Kenneth Faried,F,80.00,228.00,27.00,DEN,61.00,5.00,Morehead State,2011 Rnd 1 Pick 22,United States
Jordan Farmar,PG,74.00,180.00,30.00,SAC,2.00,9.00,UCLA,2006 Rnd 1 Pick 26,United States
Derrick Favors,FC,82.00,265.00,25.00,UTA,50.00,6.00,Georgia Tech,2010 Rnd 1 Pick 3,United States
Kay Felder,PG,69.00,176.00,21.00,CLE,42.00,0.00,Oakland,2016 Rnd 2 Pick 24,United States
Cristiano Felicio,C,81.00,280.00,24.00,CHI,66.00,1.00,Minas (Brazil),"2014 NBA Draft, Undrafted",Brazil
Raymond Felton,PG,73.00,205.00,32.00,LAC,80.00,11.00,North Carolina,2005 Rnd 1 Pick 5,United States
Yogi Ferrell,G,73.00,180.00,23.00,"BRK, DAL",46.00,0.00,Indiana,"2016 NBA Draft, Undrafted",United States
Dorian Finney-Smith,SF,80.00,220.00,23.00,DAL,81.00,0.00,Florida,"2016 NBA Draft, Undrafted",United States
Bryn Forbes,G,75.00,190.00,23.00,SAS,36.00,0.00,Michigan State,"2016 NBA Draft, Undrafted",United States
Evan Fournier,SG,79.00,205.00,24.00,ORL,68.00,4.00,Poitiers Basket 86 (France),2012 Rnd 1 Pick 20,France
Randy Foye,G,76.00,218.00,33.00,BRK,69.00,10.00,Villanova,2006 Rnd 1 Pick 7,United States
Tim Frazier,G,73.00,170.00,26.00,NOP,65.00,2.00,Penn State,"2014 NBA Draft, Undrafted",United States
Channing Frye,FC,83.00,255.00,33.00,CLE,74.00,11.00,Arizona,2005 Rnd 1 Pick 8,United States
Danilo Gallinari,SF,82.00,225.00,28.00,DEN,63.00,8.00,EA7 Emporio Armani Milano (Italy),2008 Rnd 1 Pick 6,Italy
Langston Galloway,G,74.00,200.00,25.00,"NOP, SAC",74.00,2.00,Saint Joseph's,"2014 NBA Draft, Undrafted",United States
Patricio Garino,SF,78.00,203.00,23.00,ORL,5.00,0.00,George Washington,"2016 NBA Draft, Undrafted",Argentina
Marc Gasol,C,85.00,255.00,32.00,MEM,74.00,8.00,Sant Josep Girona (Spain),2007 Rnd 2 Pick 18,Spain
Pau Gasol,FC,85.00,250.00,36.00,SAS,64.00,15.00,FC Barcelona Lassa (Spain),2001 Rnd 1 Pick 3,Spain
Rudy Gay,SF,80.00,230.00,30.00,SAC,30.00,10.00,Connecticut,2006 Rnd 1 Pick 8,United States
Michael Gbinije,SF,79.00,200.00,24.00,DET,9.00,0.00,Syracuse,2016 Rnd 2 Pick 19,United States
Alonzo Gee,SF,78.00,225.00,29.00,DEN,13.00,7.00,Alabama,"2009 NBA Draft, Undrafted",United States
Paul George,GF,81.00,220.00,26.00,IND,75.00,6.00,Fresno State,2010 Rnd 1 Pick 10,United States
Marcus Georges-Hunt,G,77.00,215.00,22.00,ORL,5.00,0.00,Georgia Tech,"2016 NBA Draft, Undrafted",United States
Jonathan Gibson,PG,74.00,185.00,29.00,DAL,17.00,0.00,New Mexico State,"2010 NBA Draft, Undrafted",United States
Taj Gibson,F,81.00,236.00,31.00,"CHI, OKC",78.00,7.00,USC,2009 Rnd 1 Pick 26,United States
Manu Ginobili,SG,78.00,205.00,39.00,SAS,69.00,14.00,Viola Reggio Calabria (Italy),1999 Rnd 2 Pick 28,Argentina
Rudy Gobert,C,85.00,245.00,24.00,UTA,81.00,3.00,Cholet Basket (France),2013 Rnd 1 Pick 27,France
Archie Goodwin,G,77.00,205.00,22.00,"BRK, NOP",15.00,3.00,Kentucky,2013 Rnd 1 Pick 29,United States
Aaron Gordon,F,81.00,220.00,21.00,ORL,80.00,2.00,Arizona,2014 Rnd 1 Pick 4,United States
Eric Gordon,G,76.00,215.00,28.00,HOU,75.00,8.00,Indiana,2008 Rnd 1 Pick 7,United States
Marcin Gortat,FC,83.00,240.00,33.00,WAS,82.00,9.00,Koln 99ers (Germany),2005 Rnd 2 Pick 27,Poland
Treveon Graham,GF,77.00,219.00,23.00,CHA,27.00,0.00,VCU,"2015 NBA Draft, Undrafted",United States
Jerami Grant,F,81.00,220.00,22.00,"OKC, PHL",80.00,2.00,Syracuse,2014 Rnd 2 Pick 9,United States
Jerian Grant,SG,76.00,198.00,24.00,CHI,63.00,1.00,Notre Dame,2015 Rnd 1 Pick 19,United States
Danny Green,SF,78.00,210.00,29.00,SAS,68.00,7.00,North Carolina,2009 Rnd 2 Pick 16,United States
Draymond Green,F,79.00,230.00,26.00,GSW,76.00,4.00,Michigan State,2012 Rnd 2 Pick 5,United States
Gerald Green,GF,79.00,205.00,31.00,BOS,47.00,9.00,Gulf Shores Academy (Texas),2005 Rnd 1 Pick 18,United States
JaMychal Green,PF,81.00,227.00,26.00,MEM,77.00,2.00,Alabama,"2012 NBA Draft, Undrafted",United States
Jeff Green,F,81.00,235.00,30.00,ORL,69.00,8.00,Georgetown,2007 Rnd 1 Pick 5,United States
Blake Griffin,PF,82.00,251.00,27.00,LAC,61.00,7.00,Oklahoma,2009 Rnd 1 Pick 1,United States
Justin Hamilton,C,85.00,255.00,26.00,BRK,64.00,2.00,LSU,2012 Rnd 2 Pick 15,United States
A.J. Hammons,C,85.00,250.00,24.00,DAL,22.00,0.00,Purdue,2016 Rnd 2 Pick 16,United States
Tim Hardaway Jr.,SG,78.00,205.00,24.00,ATL,79.00,3.00,Michigan,2013 Rnd 1 Pick 24,United States
James Harden,SG,77.00,220.00,27.00,HOU,81.00,7.00,Arizona State,2009 Rnd 1 Pick 3,United States
Maurice Harkless,F,81.00,220.00,23.00,POR,77.00,4.00,St. John's,2012 Rnd 1 Pick 15,United States
Justin Harper,PF,82.00,225.00,27.00,PHI,3.00,2.00,Richmond,2011 Rnd 2 Pick 2,United States
Montrezl Harrell,F,80.00,240.00,23.00,HOU,58.00,1.00,Louisville,2015 Rnd 2 Pick 2,United States
Devin Harris,G,75.00,185.00,34.00,DAL,65.00,12.00,Wisconsin,2004 Rnd 1 Pick 5,United States
Gary Harris,SG,76.00,210.00,22.00,DEN,57.00,2.00,Michigan State,2014 Rnd 1 Pick 19,United States
Joe Harris,SG,78.00,219.00,25.00,BRK,52.00,2.00,Virginia,2014 Rnd 2 Pick 3,United States
Manny Harris,G,77.00,185.00,27.00,DAL,4.00,3.00,Michigan,"2010 NBA Draft, Undrafted",United States
Tobias Harris,F,81.00,235.00,24.00,DET,82.00,5.00,Tennessee,2011 Rnd 1 Pick 19,United States
Aaron Harrison,GF,80.00,210.00,22.00,CHA,5.00,1.00,Kentucky,"2015 NBA Draft, Undrafted",United States
Andrew Harrison,G,78.00,213.00,22.00,MEM,72.00,0.00,Kentucky,2015 Rnd 2 Pick 14,United States
Udonis Haslem,FC,80.00,235.00,36.00,MIA,17.00,13.00,Florida,"2002 NBA Draft, Undrafted",United States
Spencer Hawes,C,85.00,245.00,28.00,"CHA, MIL",54.00,9.00,Washington,2007 Rnd 1 Pick 10,United States
Gordon Hayward,GF,80.00,225.00,26.00,UTA,73.00,6.00,Butler,2010 Rnd 1 Pick 9,United States
Gerald Henderson,SG,77.00,215.00,29.00,PHI,72.00,7.00,Duke,2009 Rnd 1 Pick 12,United States
John Henson,PF,83.00,229.00,26.00,MIL,58.00,4.00,North Carolina,2012 Rnd 1 Pick 14,United States
Juancho Hernangomez,F,81.00,230.00,21.00,DEN,62.00,0.00,Movistar Estudiantes (Spain),2016 Rnd 1 Pick 15,Spain
Willy Hernangomez,C,83.00,240.00,22.00,NYK,72.00,0.00,Cajasol Seville Junior Team (Spain),2015 Rnd 2 Pick 5,Spain
Mario Hezonja,SG,80.00,218.00,22.00,ORL,65.00,1.00,FC Barcelona II (Spain),2015 Rnd 1 Pick 5,Croatia
Roy Hibbert,C,86.00,270.00,30.00,"CHA, DEN",48.00,8.00,Georgetown,2008 Rnd 1 Pick 17,United States
Buddy Hield,G,76.00,214.00,23.00,"NOP, SAC",82.00,0.00,Oklahoma,2016 Rnd 1 Pick 6,Bahamas
George Hill,G,75.00,188.00,30.00,UTA,49.00,8.00,IUPUI,2008 Rnd 1 Pick 26,United States
Jordan Hill,PF,82.00,240.00,29.00,MIN,7.00,7.00,Arizona,2009 Rnd 1 Pick 8,United States
Solomon Hill,SF,79.00,225.00,25.00,NOP,80.00,3.00,Arizona,2013 Rnd 1 Pick 23,United States
Darrun Hilliard,SG,78.00,220.00,23.00,DET,39.00,1.00,Villanova,2015 Rnd 2 Pick 8,United States
Jrue Holiday,G,76.00,205.00,26.00,NOP,67.00,7.00,UCLA,2009 Rnd 1 Pick 17,United States
Justin Holiday,SF,78.00,185.00,27.00,NYK,82.00,3.00,Washington,"2011 NBA Draft, Undrafted",United States
Rondae Hollis-Jefferson,SF,79.00,214.00,22.00,BRK,78.00,1.00,Arizona,2015 Rnd 1 Pick 23,United States
Richaun Holmes,F,82.00,235.00,23.00,PHI,57.00,1.00,Bowling Green,2015 Rnd 2 Pick 7,United States
Rodney Hood,F,80.00,206.00,24.00,UTA,59.00,2.00,Duke,2014 Rnd 1 Pick 23,United States
Al Horford,FC,82.00,245.00,30.00,BOS,68.00,9.00,Florida,2007 Rnd 1 Pick 3,Dominican Republic
Danuel House,F,79.00,215.00,23.00,WAS,1.00,0.00,Texas A&M,"2016 NBA Draft, Undrafted",United States
Dwight Howard,C,83.00,265.00,31.00,ATL,74.00,12.00,Southwest Atlanta Christian Academy (Georgia),2004 Rnd 1 Pick 1,United States
Marcelinho Huertas,PG,75.00,200.00,33.00,LAL,23.00,1.00,Divina Seguros Joventut (Spain),"2005 NBA Draft, Undrafted",Brazil
Josh Huestis,SF,79.00,230.00,25.00,OKC,2.00,1.00,Stanford,2014 Rnd 1 Pick 29,United States
Kris Humphries,PF,81.00,235.00,32.00,ATL,56.00,12.00,Minnesota,2004 Rnd 1 Pick 14,United States
R.J. Hunter,G,77.00,185.00,23.00,CHI,3.00,1.00,Georgia State,2015 Rnd 1 Pick 28,United States
Serge Ibaka,C,82.00,235.00,27.00,"ORL, TOR",79.00,7.00,CB L'Hospitalet (Spain),2008 Rnd 1 Pick 24,Republic of the Congo
Andre Iguodala,SF,78.00,215.00,33.00,GSW,76.00,12.00,Arizona,2004 Rnd 1 Pick 9,United States
Ersan Ilyasova,F,82.00,235.00,29.00,"ATL, OKC, PHL",82.00,9.00,Alpella B.K. (Turkey),2005 Rnd 2 Pick 6,Turkey
Joe Ingles,F,80.00,226.00,29.00,UTA,82.00,2.00,Melbourne South (Australia),"2009 NBA Draft, Undrafted",Australia
Brandon Ingram,SF,81.00,190.00,19.00,LAL,79.00,0.00,Duke,2016 Rnd 1 Pick 2,United States
Kyrie Irving,G,75.00,193.00,24.00,CLE,72.00,5.00,Duke,2011 Rnd 1 Pick 1,United States
Jarrett Jack,G,75.00,200.00,33.00,NOP,2.00,11.00,Georgia Tech,2005 Rnd 1 Pick 22,United States
Demetrius Jackson,G,73.00,201.00,22.00,BOS,5.00,0.00,Notre Dame,2016 Rnd 2 Pick 15,United States
Pierre Jackson,PG,70.00,180.00,25.00,DAL,9.00,0.00,Baylor,2013 Rnd 2 Pick 12,United States
Reggie Jackson,G,75.00,208.00,26.00,DET,52.00,5.00,Boston College,2011 Rnd 1 Pick 24,Italy
LeBron James,F,80.00,250.00,32.00,CLE,74.00,13.00,St. Vincent St. Mary High School (Ohio),2003 Rnd 1 Pick 1,United States
Al Jefferson,FC,82.00,289.00,32.00,IND,66.00,12.00,Prentiss High School (Mississippi),2004 Rnd 1 Pick 15,United States
Richard Jefferson,SF,79.00,233.00,36.00,CLE,79.00,15.00,Arizona,2001 Rnd 1 Pick 13,United States
John Jenkins,SG,76.00,215.00,25.00,PHX,4.00,4.00,Vanderbilt,2012 Rnd 1 Pick 23,United States
Brandon Jennings,G,73.00,170.00,27.00,"NYK, WAS",81.00,7.00,Virtus Roma (Italy),2009 Rnd 1 Pick 10,United States
Jonas Jerebko,F,82.00,231.00,29.00,BOS,78.00,7.00,Pallacanestro Biella (Italy),2009 Rnd 2 Pick 9,Sweden
Amir Johnson,PF,81.00,240.00,29.00,BOS,80.00,11.00,Westchester High School (California),2005 Rnd 2 Pick 26,United States
Brice Johnson,PF,82.00,230.00,22.00,LAC,3.00,0.00,North Carolina,2016 Rnd 1 Pick 25,United States
James Johnson,F,81.00,250.00,30.00,MIA,76.00,7.00,Wake Forest,2009 Rnd 1 Pick 16,United States
Joel Embiid,C,85.00,250.00,22.00,PHI,31.00,2.00,Kansas,2014 Rnd 1 Pick 3,Cameroon
Stanley Johnson,G,79.00,245.00,20.00,DET,77.00,1.00,Arizona,2015 Rnd 1 Pick 8,United States
Tyler Johnson,G,76.00,186.00,24.00,MIA,73.00,2.00,Fresno State,"2014 NBA Draft, Undrafted",United States
Wesley Johnson,GF,79.00,215.00,29.00,LAC,68.00,6.00,Syracuse,2010 Rnd 1 Pick 4,United States
Nikola Jokic,C,82.00,250.00,22.00,DEN,73.00,1.00,KK Mega Bemax (Serbia),2014 Rnd 2 Pick 11,Serbia
Dahntay Jones,GF,78.00,225.00,36.00,CLE,1.00,12.00,Duke,2003 Rnd 1 Pick 20,United States
Damian Jones,PF,85.00,245.00,21.00,GSW,10.00,0.00,Vanderbilt,2016 Rnd 1 Pick 30,United States
Derrick Jones,SF,79.00,190.00,20.00,PHX,32.00,0.00,UNLV,"2016 NBA Draft, Undrafted",United States
James Jones,SF,80.00,218.00,36.00,CLE,48.00,13.00,Miami (FL),2003 Rnd 2 Pick 20,United States
Terrence Jones,PF,81.00,255.00,25.00,"MIL, NOP",54.00,4.00,Kentucky,2012 Rnd 1 Pick 18,United States
Tyus Jones,PG,74.00,195.00,20.00,MIN,60.00,1.00,Duke,2015 Rnd 1 Pick 24,United States
DeAndre Jordan,C,83.00,265.00,28.00,LAC,81.00,8.00,Texas A&M,2008 Rnd 2 Pick 5,United States
Cory Joseph,PG,75.00,193.00,25.00,TOR,80.00,5.00,Texas,2011 Rnd 1 Pick 29,Canada
Frank Kaminsky,F,85.00,242.00,23.00,CHA,75.00,1.00,Wisconsin,2015 Rnd 1 Pick 9,United States
Enes Kanter,F,83.00,245.00,24.00,OKC,72.00,5.00,Kentucky,2011 Rnd 1 Pick 3,Switzerland
Ryan Kelly,PF,83.00,230.00,25.00,ATL,16.00,3.00,Duke,2013 Rnd 2 Pick 18,United States
Michael Kidd-Gilchrist,SF,79.00,232.00,23.00,CHA,81.00,4.00,Kentucky,2012 Rnd 1 Pick 2,United States
Sean Kilpatrick,SG,76.00,212.00,27.00,BRK,70.00,2.00,Cincinnati,"2014 NBA Draft, Undrafted",United States
Brandon Knight,G,75.00,195.00,25.00,PHX,54.00,5.00,Kentucky,2011 Rnd 1 Pick 8,United States
Kyle Korver,SF,79.00,212.00,35.00,"ATL, CLE",67.00,13.00,Creighton,2003 Rnd 2 Pick 22,United States
Kosta Koufos,C,85.00,265.00,28.00,SAC,71.00,8.00,Ohio State,2008 Rnd 1 Pick 23,United States
Mindaugas Kuzminskas,SF,81.00,215.00,27.00,NYK,68.00,0.00,Siauliai (Lithuania),"2011 NBA Draft, Undrafted",Lithuania
Zach LaVine,SG,77.00,185.00,21.00,MIN,47.00,2.00,UCLA,2014 Rnd 1 Pick 13,United States
Skal Labissiere,C,83.00,225.00,20.00,SAC,33.00,0.00,Kentucky,2016 Rnd 1 Pick 28,Haiti
Jeremy Lamb,SG,77.00,185.00,24.00,CHA,62.00,4.00,Connecticut,2012 Rnd 1 Pick 12,United States
Nicolas Laprovittola,PG,76.00,180.00,27.00,SAS,18.00,0.00,Lanus (Argentina),"2012 NBA Draft, Undrafted",Argentina
Joffrey Lauvergne,PF,83.00,260.00,25.00,"CHI, OKC",70.00,2.00,KK Partizan (Serbia),2013 Rnd 2 Pick 25,France
Ty Lawson,PG,71.00,195.00,29.00,SAC,69.00,7.00,North Carolina,2009 Rnd 1 Pick 18,United States
Jake Layman,SF,81.00,210.00,22.00,POR,35.00,0.00,Maryland,2016 Rnd 2 Pick 17,United States
Caris LeVert,G,79.00,203.00,22.00,BRK,57.00,0.00,Michigan,2016 Rnd 1 Pick 20,United States
Courtney Lee,SG,77.00,200.00,31.00,NYK,77.00,8.00,Western Kentucky,2008 Rnd 1 Pick 22,United States
David Lee,FC,81.00,245.00,33.00,SAS,79.00,11.00,Florida,2005 Rnd 1 Pick 30,United States
Alex Len,C,85.00,260.00,23.00,PHX,77.00,3.00,Maryland,2013 Rnd 1 Pick 5,Ukraine
Kawhi Leonard,F,79.00,230.00,25.00,SAS,74.00,5.00,San Diego State,2011 Rnd 1 Pick 15,United States
Meyers Leonard,C,85.00,255.00,25.00,POR,74.00,4.00,Illinois,2012 Rnd 1 Pick 11,United States
Jon Leuer,PF,82.00,228.00,27.00,DET,75.00,5.00,Wisconsin,2011 Rnd 2 Pick 10,United States
DeAndre Liggins,G,78.00,209.00,28.00,"CLE, DAL",62.00,3.00,Kentucky,2011 Rnd 2 Pick 23,United States
Damian Lillard,G,75.00,195.00,26.00,POR,75.00,4.00,Weber State,2012 Rnd 1 Pick 6,United States
Jeremy Lin,G,75.00,200.00,28.00,BRK,36.00,6.00,Harvard,"2010 NBA Draft, Undrafted",United States
Shaun Livingston,G,79.00,192.00,31.00,GSW,76.00,12.00,Peoria Central High School (Illinois),2004 Rnd 1 Pick 4,United States
Shawn Long,F,81.00,255.00,24.00,PHI,18.00,0.00,Louisiana,"2016 NBA Draft, Undrafted",United States
Kevon Looney,PF,81.00,220.00,21.00,GSW,53.00,1.00,UCLA,2015 Rnd 1 Pick 30,United States
Brook Lopez,C,85.00,268.00,28.00,BRK,75.00,8.00,Stanford,2008 Rnd 1 Pick 10,United States
Robin Lopez,FC,85.00,277.00,28.00,CHI,81.00,8.00,Stanford,2008 Rnd 1 Pick 15,United States
Kevin Love,FC,82.00,251.00,28.00,CLE,60.00,8.00,UCLA,2008 Rnd 1 Pick 5,United States
Kyle Lowry,PG,73.00,196.00,30.00,TOR,60.00,10.00,Villanova,2006 Rnd 1 Pick 24,United States
John Lucas,PG,71.00,166.00,34.00,MIN,5.00,8.00,Oklahoma State,"2005 NBA Draft, Undrafted",United States
Timothe Luwawu-Cabarrot,F,78.00,200.00,21.00,PHI,69.00,0.00,KK Mega Bemax (Serbia),2016 Rnd 1 Pick 24,France
Trey Lyles,SF,82.00,234.00,21.00,UTA,71.00,1.00,Kentucky,2015 Rnd 1 Pick 12,Canada
Sheldon Mac,SG,77.00,205.00,24.00,WAS,30.00,0.00,Miami (FL),"2016 NBA Draft, Undrafted",United States
Shelvin Mack,G,75.00,203.00,26.00,UTA,55.00,5.00,Butler,2011 Rnd 2 Pick 4,United States
Ian Mahinmi,C,83.00,262.00,30.00,WAS,31.00,9.00,STB Le Havre (France),2005 Rnd 1 Pick 28,France
Thon Maker,C,85.00,221.00,20.00,MIL,57.00,0.00,,2016 Rnd 1 Pick 10,South Sudan
Boban Marjanovic,C,87.00,290.00,28.00,DET,35.00,1.00,KK Vrsac Swisslion (Serbia),"2010 NBA Draft, Undrafted",Serbia
Jarell Martin,F,82.00,239.00,22.00,MEM,42.00,1.00,LSU,2015 Rnd 1 Pick 25,United States
Wesley Matthews,G,77.00,220.00,30.00,DAL,73.00,7.00,Marquette,"2009 NBA Draft, Undrafted",United States
Luc Mbah a Moute,F,80.00,230.00,30.00,LAC,80.00,8.00,UCLA,2008 Rnd 2 Pick 7,Cameroon
James McAdoo,PF,81.00,230.00,24.00,GSW,52.00,2.00,North Carolina,"2014 NBA Draft, Undrafted",United States
Patrick McCaw,G,79.00,185.00,21.00,GSW,71.00,0.00,UNLV,2016 Rnd 2 Pick 8,United States
C.J. McCollum,G,75.00,190.00,25.00,POR,80.00,3.00,Lehigh,2013 Rnd 1 Pick 10,United States
T.J. McConnell,G,74.00,190.00,24.00,PHI,81.00,1.00,Arizona,"2015 NBA Draft, Undrafted",United States
Chris McCullough,PF,83.00,200.00,22.00,"BRK, WAS",16.00,1.00,Syracuse,2015 Rnd 1 Pick 29,United States
K.J. McDaniels,GF,78.00,205.00,24.00,"BRK, HOU",49.00,2.00,Clemson,2014 Rnd 2 Pick 2,United States
Doug McDermott,F,80.00,219.00,25.00,"CHI, OKC",66.00,2.00,Creighton,2014 Rnd 1 Pick 11,United States
JaVale McGee,C,85.00,270.00,29.00,GSW,77.00,8.00,Nevada,2008 Rnd 1 Pick 18,United States
Ben McLemore,SG,77.00,195.00,24.00,SAC,61.00,3.00,Kansas,2013 Rnd 1 Pick 7,United States
Marcus Morris,F,81.00,235.00,27.00,DET,79.00,5.00,Kansas,2011 Rnd 1 Pick 14,United States
Jordan McRae,G,77.00,179.00,25.00,CLE,37.00,1.00,Tennessee,2014 Rnd 2 Pick 28,United States
Josh McRoberts,PF,82.00,240.00,30.00,MIA,22.00,9.00,Duke,2007 Rnd 2 Pick 7,United States
Jodie Meeks,G,76.00,210.00,29.00,ORL,36.00,7.00,Kentucky,2009 Rnd 2 Pick 11,United States
Salah Mejri,C,86.00,235.00,30.00,DAL,73.00,1.00,Etoile Sportive du Sahel (Tunisia),"2008 NBA Draft, Undrafted",Tunisia
Jordan Mickey,PF,80.00,235.00,22.00,BOS,25.00,1.00,LSU,2015 Rnd 2 Pick 3,United States
Khris Middleton,SF,80.00,234.00,25.00,MIL,29.00,4.00,Texas A&M,2012 Rnd 2 Pick 9,United States
C.J. Miles,GF,78.00,230.00,29.00,IND,76.00,11.00,Skyline High School (Texas),2005 Rnd 2 Pick 4,United States
Mike Miller,GF,80.00,218.00,37.00,DEN,20.00,16.00,Florida,2000 Rnd 1 Pick 5,United States
Patty Mills,G,73.00,180.00,28.00,SAS,80.00,7.00,Saint Mary's,2009 Rnd 2 Pick 25,Australia
Elijah Millsap,GF,78.00,215.00,29.00,PHX,2.00,2.00,UAB,"2010 NBA Draft, Undrafted",United States
Paul Millsap,FC,80.00,246.00,32.00,ATL,69.00,10.00,Louisiana Tech,2006 Rnd 2 Pick 17,United States
Nikola Mirotic,F,82.00,238.00,26.00,CHI,70.00,2.00,Real Madrid (Spain),2011 Rnd 1 Pick 23,Montenegro
Greg Monroe,FC,83.00,265.00,26.00,MIL,81.00,6.00,Georgetown,2010 Rnd 1 Pick 7,United States
E'Twaun Moore,SG,76.00,191.00,28.00,NOP,73.00,5.00,Purdue,2011 Rnd 2 Pick 25,United States
Markieff Morris,PF,82.00,245.00,27.00,WAS,76.00,5.00,Kansas,2011 Rnd 1 Pick 13,United States
"Kelly Oubre, Jr.",SF,79.00,205.00,21.00,WAS,79.00,1.00,Kansas,2015 Rnd 1 Pick 15,United States
Anthony Morrow,GF,77.00,210.00,31.00,"CHI, OKC",49.00,8.00,Georgia Tech,"2008 NBA Draft, Undrafted",United States
Donatas Motiejunas,C,85.00,222.00,26.00,NOP,34.00,4.00,Universo De'Longhi Treviso (Italy),2011 Rnd 1 Pick 20,Lithuania
Timofey Mozgov,C,85.00,275.00,30.00,LAL,54.00,6.00,Khimki (Russia),"2008 NBA Draft, Undrafted",Russia
Emmanuel Mudiay,SG,77.00,200.00,20.00,DEN,55.00,1.00,Guangzhou Long-Lions (China),2015 Rnd 1 Pick 7,United States
Shabazz Muhammad,GF,78.00,223.00,24.00,MIN,78.00,3.00,UCLA,2013 Rnd 1 Pick 14,United States
Dejounte Murray,SG,77.00,170.00,20.00,SAS,38.00,0.00,Washington,2016 Rnd 1 Pick 29,United States
Jamal Murray,SG,76.00,207.00,20.00,DEN,82.00,0.00,Kentucky,2016 Rnd 1 Pick 7,Canada
Mike Muscala,FC,83.00,240.00,25.00,ATL,70.00,3.00,Bucknell,2013 Rnd 2 Pick 14,United States
"Larry Nance, Jr.",SF,81.00,230.00,24.00,LAL,63.00,1.00,Wyoming,2015 Rnd 1 Pick 27,United States
Shabazz Napier,PG,73.00,175.00,25.00,POR,53.00,2.00,Connecticut,2014 Rnd 1 Pick 24,United States
Maurice Ndour,F,81.00,200.00,24.00,NYK,32.00,0.00,Ohio,"2015 NBA Draft, Undrafted",Senegal
Gary Neal,G,76.00,210.00,32.00,ATL,2.00,6.00,Towson,"2007 NBA Draft, Undrafted",United States
Jameer Nelson,G,73.00,190.00,35.00,DEN,75.00,12.00,Saint Joseph's,2004 Rnd 1 Pick 20,United States
Maybyner Nene,C,83.00,250.00,34.00,HOU,67.00,14.00,Vasco da Gama (Brazil),2002 Rnd 1 Pick 7,Brazil
Raulzinho Neto,PG,73.00,179.00,24.00,UTA,40.00,1.00,Delteco GBC (Spain),2013 Rnd 2 Pick 17,Brazil
Georges Niang,F,78.00,231.00,23.00,IND,23.00,0.00,Iowa State,2016 Rnd 2 Pick 20,United States
Andrew Nicholson,F,81.00,250.00,27.00,"BRK, WAS",38.00,4.00,St. Bonaventure,2012 Rnd 1 Pick 19,Canada
Joakim Noah,FC,83.00,230.00,32.00,NYK,46.00,9.00,Florida,2007 Rnd 1 Pick 9,France
Nerlens Noel,FC,83.00,220.00,22.00,"DAL, PHL",51.00,3.00,Kentucky,2013 Rnd 1 Pick 6,United States
Lucas Nogueira,C,85.00,241.00,24.00,TOR,57.00,2.00,Movistar Estudiantes (Spain),2013 Rnd 1 Pick 16,Brazil
Steve Novak,F,82.00,225.00,33.00,MIL,8.00,10.00,Marquette,2006 Rnd 2 Pick 2,United States
Dirk Nowitzki,PF,85.00,245.00,38.00,DAL,54.00,18.00,DJK Wurzburg (Germany),1998 Rnd 1 Pick 9,Germany
Jusuf Nurkic,FC,85.00,280.00,22.00,"DEN, POR",65.00,2.00,Cedevita (Croatia),2014 Rnd 1 Pick 16,Bosnia and Herzegovina
David Nwaba,G,76.00,209.00,24.00,LAL,20.00,0.00,Cal Poly,"2016 NBA Draft, Undrafted",United States
Johnny O'Bryant,FC,81.00,257.00,23.00,"CHA, DEN",11.00,2.00,LSU,2014 Rnd 2 Pick 6,United States
Kyle O'Quinn,F,82.00,250.00,26.00,NYK,79.00,4.00,Norfolk State,2012 Rnd 2 Pick 19,United States
Daniel Ochefu,F,83.00,245.00,23.00,WAS,19.00,0.00,Villanova,"2016 NBA Draft, Undrafted",United States
Jahlil Okafor,C,83.00,260.00,21.00,PHI,50.00,1.00,Duke,2015 Rnd 1 Pick 3,United States
Victor Oladipo,G,76.00,210.00,24.00,OKC,67.00,3.00,Indiana,2013 Rnd 1 Pick 2,United States
Kelly Olynyk,C,85.00,238.00,25.00,BOS,75.00,3.00,Gonzaga,2013 Rnd 1 Pick 13,Canada
Arinze Onuaku,PF,81.00,255.00,29.00,ORL,8.00,2.00,Syracuse,"2010 NBA Draft, Undrafted",United States
Chinanu Onuaku,C,82.00,245.00,20.00,HOU,5.00,0.00,Louisville,2016 Rnd 2 Pick 7,United States
Paul Pierce,SF,79.00,235.00,39.00,LAC,25.00,18.00,Kansas,1998 Rnd 1 Pick 10,United States
Zaza Pachulia,C,83.00,270.00,33.00,GSW,70.00,13.00,Alpella B.K. (Turkey),2003 Rnd 2 Pick 13,Georgia
George Papagiannis,C,85.00,240.00,19.00,SAC,22.00,0.00,Panathinaikos (Greece),2016 Rnd 1 Pick 13,Greece
Jabari Parker,F,80.00,250.00,21.00,MIL,51.00,2.00,Duke,2014 Rnd 1 Pick 2,United States
Tony Parker,G,74.00,185.00,34.00,SAS,63.00,15.00,Paris Basket Racing (France),2001 Rnd 1 Pick 28,France
Chandler Parsons,SF,82.00,230.00,28.00,MEM,34.00,5.00,Florida,2011 Rnd 2 Pick 8,United States
Lamar Patterson,GF,77.00,225.00,25.00,ATL,5.00,1.00,Pittsburgh,2014 Rnd 2 Pick 18,United States
Patrick Patterson,F,81.00,230.00,27.00,TOR,65.00,6.00,Kentucky,2010 Rnd 1 Pick 14,United States
Chris Paul,PG,73.00,175.00,31.00,LAC,61.00,11.00,Wake Forest,2005 Rnd 1 Pick 4,United States
Adreian Payne,C,82.00,237.00,26.00,MIN,18.00,2.00,Michigan State,2014 Rnd 1 Pick 15,United States
Cameron Payne,G,75.00,185.00,22.00,"CHI, OKC",31.00,1.00,Murray State,2015 Rnd 1 Pick 14,United States
Gary Payton II,G,75.00,190.00,24.00,MIL,6.00,0.00,Oregon State,"2016 NBA Draft, Undrafted",United States
Elfrid Payton,G,76.00,185.00,23.00,ORL,82.00,2.00,Louisiana,2014 Rnd 1 Pick 10,United States
Thomas Robinson,PF,82.00,237.00,25.00,LAL,48.00,4.00,Kansas,2012 Rnd 1 Pick 5,United States
Marshall Plumlee,PF,85.00,250.00,24.00,NYK,21.00,0.00,Duke,"2016 NBA Draft, Undrafted",United States
Mason Plumlee,PF,83.00,255.00,26.00,"DEN, POR",81.00,3.00,Duke,2013 Rnd 1 Pick 22,United States
Miles Plumlee,C,83.00,249.00,28.00,"CHA, MIL",45.00,4.00,Duke,2012 Rnd 1 Pick 26,United States
Jakob Poeltl,C,85.00,248.00,21.00,TOR,54.00,0.00,Utah,2016 Rnd 1 Pick 9,Austria
Otto Porter,SF,80.00,198.00,23.00,WAS,80.00,3.00,Georgetown,2013 Rnd 1 Pick 3,United States
Brandon Rush,SG,78.00,220.00,31.00,MIN,47.00,8.00,Kansas,2008 Rnd 1 Pick 13,United States
Kristaps Porzingis,FC,87.00,240.00,21.00,NYK,66.00,1.00,Real Betis Energia Plus (Spain),2015 Rnd 1 Pick 4,Latvia
Dwight Powell,PF,83.00,240.00,25.00,DAL,77.00,2.00,Stanford,2014 Rnd 2 Pick 15,Canada
Norman Powell,SG,76.00,215.00,23.00,TOR,76.00,1.00,UCLA,2015 Rnd 2 Pick 16,United States
Alex Poythress,F,79.00,238.00,23.00,PHI,6.00,0.00,Kentucky,"2016 NBA Draft, Undrafted",United States
Ronnie Price,G,74.00,190.00,33.00,PHX,14.00,11.00,Utah Valley,"2005 NBA Draft, Undrafted",United States
Taurean Prince,F,80.00,220.00,22.00,ATL,59.00,0.00,Baylor,2016 Rnd 1 Pick 12,United States
Tim Quarterman,G,78.00,190.00,22.00,POR,16.00,0.00,LSU,"2016 NBA Draft, Undrafted",United States
Chasson Randle,PG,74.00,185.00,24.00,"NYK, PHL",26.00,0.00,Stanford,"2015 NBA Draft, Undrafted",United States
Julius Randle,PF,81.00,250.00,22.00,LAL,74.00,2.00,Kentucky,2014 Rnd 1 Pick 7,United States
Zach Randolph,PF,81.00,260.00,35.00,MEM,73.00,15.00,Michigan State,2001 Rnd 1 Pick 19,United States
J.J. Redick,G,76.00,200.00,32.00,LAC,78.00,10.00,Duke,2006 Rnd 1 Pick 11,United States
Willie Reed,F,83.00,245.00,26.00,MIA,71.00,3.00,Saint Louis,"2011 NBA Draft, Undrafted",United States
Josh Richardson,G,78.00,200.00,23.00,MIA,53.00,1.00,Tennessee,2015 Rnd 2 Pick 10,United States
Malachi Richardson,SF,78.00,205.00,21.00,SAC,22.00,0.00,Syracuse,2016 Rnd 1 Pick 22,United States
Austin Rivers,SG,76.00,200.00,24.00,LAC,74.00,4.00,Duke,2012 Rnd 1 Pick 10,United States
Andre Roberson,SG,79.00,210.00,25.00,OKC,79.00,3.00,Colorado,2013 Rnd 1 Pick 26,United States
Brian Roberts,PG,73.00,173.00,31.00,CHA,41.00,4.00,Dayton,"2008 NBA Draft, Undrafted",United States
Glenn Robinson,SF,78.00,222.00,23.00,IND,69.00,2.00,Michigan,2014 Rnd 2 Pick 10,United States
Wayne Selden,SG,77.00,230.00,22.00,"MEM, NOP",14.00,0.00,Kansas,"2016 NBA Draft, Undrafted",United States
Sergio Rodriguez,PG,75.00,176.00,30.00,PHI,68.00,4.00,Movistar Estudiantes (Spain),2006 Rnd 1 Pick 27,Spain
Rajon Rondo,PG,73.00,186.00,31.00,CHI,69.00,10.00,Kentucky,2006 Rnd 1 Pick 21,United States
Derrick Rose,PG,75.00,190.00,28.00,NYK,64.00,8.00,Memphis,2008 Rnd 1 Pick 1,United States
Terrence Ross,SF,79.00,206.00,26.00,"ORL, TOR",78.00,4.00,Washington,2012 Rnd 1 Pick 8,United States
Terry Rozier,G,73.00,190.00,22.00,BOS,74.00,1.00,Louisville,2015 Rnd 1 Pick 16,United States
Ricky Rubio,G,76.00,190.00,26.00,MIN,75.00,5.00,Divina Seguros Joventut (Spain),2009 Rnd 1 Pick 5,Spain
Damjan Rudez,SF,82.00,228.00,30.00,ORL,45.00,2.00,Cedevita (Croatia),"2008 NBA Draft, Undrafted",Croatia
Andrew Wiggins,F,80.00,199.00,22.00,MIN,82.00,2.00,Kansas,2014 Rnd 1 Pick 1,Canada
D'Angelo Russell,SG,77.00,195.00,21.00,LAL,63.00,1.00,Ohio State,2015 Rnd 1 Pick 2,United States
Domas Sabonis,PF,83.00,240.00,20.00,OKC,81.00,0.00,Gonzaga,2016 Rnd 1 Pick 11,United States
Larry Sanders,PF,83.00,235.00,28.00,CLE,5.00,5.00,VCU,2010 Rnd 1 Pick 15,United States
Dario Saric,SF,82.00,223.00,22.00,PHI,81.00,0.00,KK Cibona (Croatia),2014 Rnd 1 Pick 12,Croatia
Tomas Satoransky,PG,79.00,210.00,25.00,WAS,57.00,0.00,Real Betis Energia Plus (Spain),2012 Rnd 2 Pick 2,Czech Republic
Dennis Schroder,PG,73.00,172.00,23.00,ATL,79.00,3.00,Basketball Lowen Braunschweig (Germany),2013 Rnd 1 Pick 17,Germany
Luis Scola,PF,81.00,241.00,36.00,BRK,36.00,9.00,Laboral Kutxa Baskonia (Spain),2002 Rnd 2 Pick 27,Argentina
Mike Scott,PF,80.00,237.00,28.00,ATL,18.00,4.00,Virginia,2012 Rnd 2 Pick 13,United States
Thabo Sefolosha,GF,79.00,220.00,32.00,ATL,62.00,10.00,Pallacanestro Biella (Italy),2006 Rnd 1 Pick 13,Switzerland
Jeff Withey,C,85.00,230.00,26.00,UTA,51.00,3.00,Kansas,2013 Rnd 2 Pick 9,United States
Kevin Seraphin,FC,82.00,278.00,27.00,IND,49.00,6.00,Cholet Basket (France),2010 Rnd 1 Pick 17,France
Ramon Sessions,G,75.00,190.00,30.00,CHA,50.00,9.00,Nevada,2007 Rnd 2 Pick 26,United States
Iman Shumpert,G,77.00,220.00,26.00,CLE,76.00,5.00,Georgia Tech,2011 Rnd 1 Pick 17,United States
Pascal Siakam,F,81.00,230.00,23.00,TOR,55.00,0.00,New Mexico State,2016 Rnd 1 Pick 27,Cameroon
Jonathon Simmons,G,78.00,195.00,27.00,SAS,78.00,1.00,Houston,"2012 NBA Draft, Undrafted",United States
Kyle Singler,F,80.00,228.00,28.00,OKC,32.00,4.00,Duke,2011 Rnd 2 Pick 3,United States
Marcus Smart,PG,76.00,220.00,22.00,BOS,79.00,2.00,Oklahoma State,2014 Rnd 1 Pick 6,United States
Ish Smith,PG,73.00,175.00,28.00,DET,81.00,6.00,Wake Forest,"2010 NBA Draft, Undrafted",United States
J.R. Smith,SG,78.00,225.00,31.00,CLE,41.00,12.00,Saint Benedict's Preparatory School (New Jersey),2004 Rnd 1 Pick 18,United States
Jason Smith,PF,85.00,240.00,30.00,WAS,74.00,9.00,Colorado State,2007 Rnd 1 Pick 20,United States
Tony Snell,G,79.00,221.00,25.00,MIL,80.00,3.00,New Mexico,2013 Rnd 1 Pick 20,United States
Marreese Speights,C,82.00,255.00,29.00,LAC,82.00,8.00,Florida,2008 Rnd 1 Pick 16,United States
Tiago Splitter,F,83.00,245.00,32.00,PHI,8.00,6.00,Laboral Kutxa Baskonia (Spain),2007 Rnd 1 Pick 28,Brazil
Nik Stauskas,SG,78.00,205.00,23.00,PHI,80.00,2.00,Michigan,2014 Rnd 1 Pick 8,Canada
Lance Stephenson,SG,77.00,230.00,26.00,"IND, MIN, NOP",18.00,6.00,Cincinnati,2010 Rnd 2 Pick 10,United States
Jarnell Stokes,FC,81.00,255.00,23.00,DEN,2.00,2.00,Tennessee,2014 Rnd 2 Pick 5,United States
Diamond Stone,C,83.00,255.00,20.00,LAC,7.00,0.00,Maryland,2016 Rnd 2 Pick 10,United States
Rodney Stuckey,G,77.00,205.00,30.00,IND,39.00,9.00,Eastern Washington,2007 Rnd 1 Pick 15,United States
Jared Sullinger,C,81.00,260.00,24.00,TOR,11.00,4.00,Ohio State,2012 Rnd 1 Pick 21,United States
Edy Tavares,C,87.00,265.00,24.00,"ATL, CLE",2.00,1.00,Herbalife Gran Canaria (Spain),2014 Rnd 2 Pick 13,Cape Verde
Isaiah Taylor,G,75.00,170.00,22.00,HOU,4.00,0.00,Texas,"2016 NBA Draft, Undrafted",United States
Jeff Teague,PG,74.00,186.00,28.00,IND,82.00,7.00,Wake Forest,2009 Rnd 1 Pick 19,United States
Mirza Teletovic,PF,81.00,242.00,31.00,MIL,70.00,4.00,Laboral Kutxa Baskonia (Spain),"2007 NBA Draft, Undrafted",Bosnia and Herzegovina
Garrett Temple,G,78.00,195.00,30.00,SAC,65.00,6.00,LSU,"2009 NBA Draft, Undrafted",United States
Jason Terry,G,74.00,185.00,39.00,MIL,74.00,17.00,Arizona,1999 Rnd 1 Pick 10,United States
Isaiah Thomas,PG,69.00,185.00,28.00,BOS,76.00,5.00,Washington,2011 Rnd 2 Pick 30,United States
Lance Thomas,F,80.00,235.00,28.00,NYK,46.00,5.00,Duke,"2010 NBA Draft, Undrafted",United States
Hollis Thompson,SF,80.00,206.00,25.00,"NOP, PHL",40.00,3.00,Georgetown,"2012 NBA Draft, Undrafted",United States
Klay Thompson,G,79.00,215.00,27.00,GSW,78.00,5.00,Washington State,2011 Rnd 1 Pick 11,United States
Tristan Thompson,F,82.00,238.00,25.00,CLE,78.00,5.00,Texas,2011 Rnd 1 Pick 4,Canada
Marcus Thornton,SG,76.00,205.00,29.00,WAS,33.00,7.00,LSU,2009 Rnd 2 Pick 13,United States
Mike Tobey,C,85.00,260.00,22.00,CHA,2.00,0.00,Virginia,"2016 NBA Draft, Undrafted",United States
Anthony Tolliver,PF,80.00,240.00,31.00,SAC,65.00,9.00,Creighton,"2007 NBA Draft, Undrafted",United States
Axel Toupane,SG,79.00,210.00,24.00,"MIL, NOP",4.00,1.00,Strasbourg IG (France),"2014 NBA Draft, Undrafted",France
Karl-Anthony Towns,C,85.00,244.00,21.00,MIN,82.00,1.00,Kentucky,2015 Rnd 1 Pick 1,United States
P.J. Tucker,SF,78.00,245.00,31.00,"PHX, TOR",81.00,5.00,Texas,2006 Rnd 2 Pick 5,United States
Evan Turner,GF,79.00,220.00,28.00,POR,65.00,6.00,Ohio State,2010 Rnd 1 Pick 2,United States
Myles Turner,FC,83.00,250.00,20.00,IND,81.00,1.00,Texas,2015 Rnd 1 Pick 11,United States
Beno Udrih,G,76.00,205.00,34.00,DET,39.00,12.00,EA7 Emporio Armani Milano (Italy),2004 Rnd 1 Pick 28,Slovenia
Tyler Ulis,PG,70.00,160.00,21.00,PHX,61.00,0.00,Kentucky,2016 Rnd 2 Pick 4,United States
Jarrod Uthoff,F,81.00,221.00,23.00,DAL,9.00,0.00,Iowa,"2016 NBA Draft, Undrafted",United States
Jonas Valanciunas,C,85.00,265.00,24.00,TOR,80.00,4.00,Lietuvos Rytas (Lithuania),2011 Rnd 1 Pick 5,Lithuania
Denzel Valentine,F,78.00,214.00,23.00,CHI,57.00,0.00,Michigan State,2016 Rnd 1 Pick 14,United States
Fred VanVleet,G,73.00,195.00,23.00,TOR,37.00,0.00,Wichita State,"2016 NBA Draft, Undrafted",United States
Anderson Varejao,C,82.00,273.00,34.00,GSW,14.00,12.00,FC Barcelona Lassa (Spain),2004 Rnd 2 Pick 1,Brazil
Greivis Vasquez,G,78.00,217.00,30.00,BRK,3.00,6.00,Maryland,2010 Rnd 1 Pick 28,Venezuela
Rashad Vaughn,SF,78.00,202.00,20.00,MIL,41.00,1.00,UNLV,2015 Rnd 1 Pick 17,United States
Noah Vonleh,FC,81.00,245.00,21.00,POR,74.00,2.00,Indiana,2014 Rnd 1 Pick 9,United States
Nikola Vucevic,PF,85.00,260.00,26.00,ORL,75.00,5.00,USC,2011 Rnd 1 Pick 16,Switzerland
Sasha Vujacic,G,79.00,195.00,32.00,NYK,42.00,9.00,Pallalcesto Amatori Udine (Italy),2004 Rnd 1 Pick 27,Slovenia
Dwyane Wade,SG,76.00,220.00,35.00,CHI,60.00,13.00,Marquette,2003 Rnd 1 Pick 5,United States
Dion Waiters,SG,76.00,220.00,25.00,MIA,46.00,4.00,Syracuse,2012 Rnd 1 Pick 4,United States
Kemba Walker,G,73.00,184.00,26.00,CHA,79.00,5.00,Connecticut,2011 Rnd 1 Pick 9,United States
John Wall,PG,76.00,210.00,26.00,WAS,78.00,6.00,Kentucky,2010 Rnd 1 Pick 1,United States
T.J. Warren,F,80.00,225.00,23.00,PHX,66.00,2.00,NC State,2014 Rnd 1 Pick 14,United States
C.J. Watson,G,74.00,175.00,32.00,ORL,62.00,9.00,Tennessee,"2006 NBA Draft, Undrafted",United States
Briante Weber,G,74.00,165.00,24.00,"CHA, GOS",20.00,1.00,VCU,"2015 NBA Draft, Undrafted",United States
David West,PF,81.00,250.00,36.00,GSW,68.00,13.00,Xavier,2003 Rnd 1 Pick 18,United States
Russell Westbrook,G,75.00,200.00,28.00,OKC,81.00,8.00,UCLA,2008 Rnd 1 Pick 4,United States
Okaro White,F,80.00,215.00,24.00,MIA,35.00,0.00,Florida State,"2014 NBA Draft, Undrafted",United States
Isaiah Whitehead,SG,76.00,213.00,21.00,BRK,73.00,0.00,Seton Hall,2016 Rnd 2 Pick 12,United States
Hassan Whiteside,C,85.00,265.00,27.00,MIA,77.00,4.00,Marshall,2010 Rnd 2 Pick 3,United States
Michael Beasley,PF,82.00,235.00,28.00,MIL,56.00,8.00,Kansas State,2008 Rnd 1 Pick 2,United States
C.J. Wilcox,SG,77.00,195.00,26.00,ORL,22.00,2.00,Washington,2014 Rnd 1 Pick 28,United States
Alan Williams,FC,80.00,260.00,24.00,PHX,47.00,1.00,UC Santa Barbara,"2015 NBA Draft, Undrafted",United States
Deron Williams,PG,75.00,200.00,32.00,"CLE, DAL",64.00,11.00,Illinois,2005 Rnd 1 Pick 3,United States
Derrick Williams,F,80.00,240.00,25.00,"CLE, MIA",50.00,5.00,Arizona,2011 Rnd 1 Pick 2,United States
Lou Williams,G,73.00,175.00,30.00,"HOU, LAL",81.00,11.00,South Gwinnett High School (Georgia),2005 Rnd 2 Pick 15,United States
Marvin Williams,SF,81.00,237.00,30.00,CHA,76.00,11.00,North Carolina,2005 Rnd 1 Pick 2,United States
Reggie Williams,F,78.00,205.00,30.00,NOP,6.00,6.00,Virginia Military,"2008 NBA Draft, Undrafted",United States
Troy Williams,SF,79.00,210.00,22.00,"HOU, MEM",30.00,0.00,Indiana,"2016 NBA Draft, Undrafted",United States
Kyle Wiltjer,PF,82.00,240.00,24.00,HOU,14.00,0.00,Gonzaga,"2016 NBA Draft, Undrafted",Canada
Justise Winslow,SF,79.00,225.00,20.00,MIA,18.00,1.00,Duke,2015 Rnd 1 Pick 10,United States
Rodney McGruder,SG,76.00,205.00,25.00,MIA,78.00,0.00,Kansas State,"2013 NBA Draft, Undrafted",United States
Christian Wood,PF,83.00,220.00,21.00,CHA,13.00,1.00,UNLV,"2015 NBA Draft, Undrafted",United States
Metta World Peace,SF,79.00,260.00,37.00,LAL,25.00,16.00,St. John's,1999 Rnd 1 Pick 16,United States
Brandan Wright,F,82.00,210.00,29.00,MEM,28.00,9.00,North Carolina,2007 Rnd 1 Pick 8,United States
Delon Wright,G,77.00,183.00,24.00,TOR,27.00,1.00,Utah,2015 Rnd 1 Pick 20,United States
James Young,SG,78.00,215.00,21.00,BOS,29.00,2.00,Kentucky,2014 Rnd 1 Pick 17,United States
Joe Young,G,74.00,185.00,24.00,IND,33.00,1.00,Oregon,2015 Rnd 2 Pick 13,United States
Nick Young,SG,79.00,210.00,31.00,LAL,60.00,9.00,USC,2007 Rnd 1 Pick 16,United States
Thaddeus Young,F,80.00,221.00,28.00,IND,74.00,9.00,Georgia Tech,2007 Rnd 1 Pick 12,United States
Cody Zeller,F,85.00,240.00,24.00,CHA,62.00,3.00,Indiana,2013 Rnd 1 Pick 4,United States
Tyler Zeller,C,85.00,250.00,27.00,BOS,51.00,4.00,North Carolina,2012 Rnd 1 Pick 17,United States
Stephen Zimmerman,C,85.00,240.00,20.00,ORL,19.00,0.00,UNLV,2016 Rnd 2 Pick 11,United States
Paul Zipser,F,80.00,226.00,23.00,CHI,44.00,0.00,FC Bayern Munich Junior Team (Germany),2016 Rnd 2 Pick 18,Germany
Ivica Zubac,C,85.00,240.00,19.00,LAL,38.00,0.00,KK Mega Bemax (Serbia),2016 Rnd 2 Pick 2,Bosnia and Herzegovina
